Completed Tasks,Date,What I did,What problem this solves,Who Benefits
Email Notification System,2026-01-12,"Created email service with Nodemailer, notification templates (admin, customer confirmation, status updates), and lifecycle hooks for automated email triggers on order creation/status updates",Automates order communication to partners and internal staff,Admin / Partners / Customers
Backend Email Infrastructure,2026-01-12,"Added SMTP configuration, Gmail setup documentation, environment variables in .env.example, and comprehensive error handling",Provides reliable email delivery infrastructure,DevOps / Admin
Email System Test Coverage,2026-01-12,31 unit tests passing (11 for email service and 20 for templates),Ensures email system reliability and prevents regressions,Development team
Customization Feature (Frontend),2026-01-12,"6 frontend components (wizard, photo grid, selectors), state management stores (customization, auth with logo upload)",Enables partners to customize products with their branding,Partners / Sales
Customization Feature (Backend),2026-01-12,"Backend schema updates, batch submission endpoint, order inquiry number auto-generation (INQ-YYYYMMDD-XXXX)",Supports customization data storage and unique order tracking,Admin / Operations
Cart & Order Flow Design,2026-01-13,"Designed improved ordering experience: Add to Cart, Order Directly, Order Confirmation, and Checkout Flow features",Increases order volume and provides faster checkout for partners,Partners / Sales
Email System Quality Check,2026-01-13,"Tested email notification system and discovered customer details appearing blank in emails, documented root cause and solutions","Identifies issue where staff need to manually look up customer info",Admin / Operations
Investigation & Documentation,2026-01-13,"Created comprehensive documentation for email issue: testing performed, problem location, proposed solutions, and next steps",Enables quick resolution of email customer data issue,Development team
Pricing Model Migration (Grams to Pounds),2026-01-14,"Migrated entire pricing system from grams to pounds, updated product schema to use base_price_per_pound, modified order inquiry schema",Aligns system with actual business operations where products are priced and sold by the pound,Sales / Admin / Partners
Inventory Management System,2026-01-14,"Implemented complete inventory content type with stock tracking fields (quantity, reorder points, batch numbers, expiration dates), created controllers, services, and routes","Enables tracking of product stock levels, supports reorder alerts, and prevents overselling",Admin / Packing / Sales
Order Inquiry Lifecycle Enhancements,2026-01-14,"Updated order inquiry lifecycles to use global Strapi instance, enhanced authentication middleware for better security",Fixes issues with customer data population and ensures proper authentication on order endpoints,Admin / Customers
Traefik Production Deployment,2026-01-14,"Added complete Traefik reverse proxy deployment configuration, created docker-compose.traefik.yml, environment templates, setup scripts, and comprehensive deployment documentation","Enables production deployment on servers with existing Traefik infrastructure, allowing multiple apps to share one reverse proxy",DevOps / Admin
DRY Image Utility Refactor,2026-01-14,"Created centralized image utility functions (getImageUrl, getImageName, getImageAlt) to handle both ProductImage and Strapi wrapper formats, updated all components","Eliminates duplicate image handling logic across components, fixes TypeScript errors with image.attributes?.url",Development team
Product Categories and Units Update,2026-01-14,"Updated product categories and measurement units across frontend and backend, added inventory page to portal layout navigation",Ensures consistency between frontend display and backend data structure,Partners / Admin
Admin Login Routing Fix,2026-01-15,"Updated LoginForm.tsx to check userType from auth store, created strapi-server.ts for JWT token customization to include userType field","Fixes issue where admin users were incorrectly redirected to standard user dashboard instead of Admin Portal",Admin / Operations staff
Products Management System - Foundation & Listing,2026-01-15,"Built admin-products.ts API module with comprehensive CRUD functions, developed product listing page with statistics dashboard, DataTable with sortable columns, search, pagination, and quick actions","Before this, managing products required direct access to Strapi admin panel. Now non-technical staff can manage products directly",Admin / Sales
Product Image Upload System,2026-01-15,"Implemented complete image upload handling with file validation, uploads to Strapi media library, progress display, and multiple image support per product",Allows admins to manage product images directly alongside other product information,Admin / Operations
Products Management - Detail & Creation Pages,2026-01-16,"Built product detail/edit page with inline editing, inventory management section with adjustment controls. Built new product form with validation, category/tag dropdowns, image upload with drag-and-drop, and preview mode",Removes need to switch to Strapi backend for viewing/editing products. Provides user-friendly interface for admins,Admin / Sales / Inventory staff
Users Management System,2026-01-16,"Built complete user management section: admin-users.ts API module for user CRUD and order aggregation, user listing page with stats and quick actions, user detail page with order history and activity timeline","No easy way existed to see reseller's complete history or manage account status. Now admin staff can handle account management immediately",Admin / Operations
Real-time Notification System,2026-01-16,"Implemented notification system with popover.tsx component, notification bell with unread count badge, 30-second polling, mark as read functionality, and click-through navigation to relevant content","Before this, admins had no way to know when important events happened without manually checking. Now important events are surfaced immediately",Admin / Operations staff
Final Integration & Testing,2026-01-16,"Integrated all new features, verified admin login routing, tested complete product management flow, validated user management operations, confirmed notification polling performance, fixed race condition and styling bugs",Ensures features work together as a cohesive system and catches issues before QA,Development team / QA
